1	/ˌræʃəˈnæl/	முடிவிற்கான காரண விளக்கம்	noun	the rationale for + noun/-ing	a clear rationale; explain the rationale	The doctor explained the rationale for changing my appointment schedule.	A later launch gives us time to check the payment process.	What is the rationale of postpone it?	What is the rationale for postponing it?	A rationale explains why a choice was made; a goal says what it should achieve.	A rationale can be coherent without being persuasive; ask whether its assumptions are supported.	The WHY behind a decision.	Explain why a team might trial a change before introducing it everywhere.
2	/ˈpremɪs/	வாதத்தின் அடிப்படைக் கருத்து	noun	on the premise that + clause	a false premise; challenge the premise	Her argument starts from the premise that everyone has internet access.	Then we should test that starting belief before approving the plan.	The argument rests in the premise that demand will grow.	The argument rests on the premise that demand will grow.	A premise starts an argument; a conclusion is reached from it.	The plural of premise is premises, but business premises also means buildings; the context determines the sense.	Starting block of an argument.	Identify an untested starting belief in a plan to shorten working hours.
3	/əˈsʌmpʃən/	உறுதிப்படுத்தாமல் உண்மை எனக் கொள்ளும் கருத்து	noun	the assumption that + clause	a reasonable assumption; test an assumption	I booked the room on the assumption that everyone would attend.	Have we checked their availability rather than simply relying on that?	We made an assumption of everyone could attend.	We made the assumption that everyone could attend.	An assumption is taken as true; evidence is information used to support or challenge it.	An assumption need not be careless, but it should be identified and tested when the decision depends on it.	A belief with a question mark.	State one belief you would verify before booking a group trip.
4	/kraɪˈtɪəriən/	தேர்வு அல்லது மதிப்பீட்டுக்கான அளவுகோல்	noun	a criterion for + noun/-ing	the main criterion; meet a criterion	Price should not be the only criterion for choosing a school.	Let us compare how easy each option will be to maintain.	These criterion are too vague.	These criteria are too vague.	A criterion is a judging standard; a requirement is something that must be satisfied.	Criterion is singular and criteria is plural; in formal writing, do not use criteria as a singular noun.	One measuring stick; several criteria.	Choose two standards for comparing training courses and identify the most important one.
5	/ˌfiːzəˈbɪləti/	நடைமுறையில் செய்ய இயலுமை	noun	the feasibility of + noun/-ing	assess feasibility; a feasibility study	We checked the feasibility of moving house during the school term.	First we need to know whether the staff and time are available.	We discussed the feasibility to finish in a week.	We discussed the feasibility of finishing in a week.	Feasibility asks whether something can be done; desirability asks whether it is wanted.	Feasibility often includes practical constraints such as time and skills, not just whether an idea is technically possible.	CAN we actually do it?	Explain two practical checks needed before promising an earlier launch.
6	/ˌvaɪəˈbɪləti/	தொடர்ந்து வெற்றிகரமாக இயங்கும் சாத்தியம்	noun	the viability of + noun	economic viability; long-term viability	The cafe's viability depends on attracting customers outside the tourist season.	Even if we can start it, can we afford to keep it running?	We questioned the viable of the service.	We questioned the viability of the service.	Feasibility concerns whether a plan can be carried out; viability emphasises whether it can succeed or survive.	Viability can be commercial, practical or organisational; it does not always mean profitability.	START is possible; SURVIVE is viable.	Explain why a cheap pilot might still be difficult to sustain as a permanent service.
7	/ˈmerɪt/	பரிசீலிக்கத் தகுந்த நல்ல அம்சம்	noun	there is merit in + -ing	have merit; consider on its merits	There is merit in taking the earlier train even if it costs more.	Agreed; let us keep the idea and reconsider the date.	There is merit to leave earlier.	There is merit in leaving earlier.	Merit identifies value in an idea; agreement means actually accepting it.	Saying an idea has merit can acknowledge part of it without endorsing the whole proposal.	Worth considering, not yet approved.	Acknowledge a useful feature of a proposal you do not fully support.
8	/ˈdrɔːbæk/	ஒரு தேர்வின் குறைபாடு	noun	the drawback of/to + noun/-ing	a major drawback; one drawback	A drawback of working from home is having less informal contact with colleagues.	Could we arrange a shuttle, or would that remove the saving?	The only drawback is it has no a parking.	The only drawback is that it has no parking.	A drawback is a disadvantage of an option; a fault is something wrong with its operation or quality.	A drawback may remain even when an option works exactly as designed, such as a useful service being expensive.	The cost hidden behind the benefit.	Describe one advantage and one disadvantage of holding a meeting online.
9	/ˈʌpsaɪd/	நல்ல பக்கம் அல்லது கிடைக்கக்கூடிய பயன்	noun	the upside of + noun/-ing	a potential upside; the main upside	The upside of the smaller flat is that it is much easier to clean.	That is useful, but we should still explain the delay to customers.	An upside of move is shorter travel.	An upside of moving is shorter travel.	An upside is a positive side of a situation; an outcome may be positive or negative.	Upside can describe a benefit already present or a possible future benefit; potential upside makes uncertainty explicit.	Turn the situation toward its bright side.	Find a genuine benefit in a delayed trip without denying the inconvenience.
10	/ˈdaʊnsaɪd/	பாதகமான பக்கம்	noun	the downside of + noun/-ing	a possible downside; the main downside	The downside of travelling overnight is that I arrive tired.	Then we may need to keep the trial running through a busy period.	The downside for leave early is missing lunch.	The downside of leaving early is missing lunch.	Downside means a negative aspect; downfall means a serious collapse or loss of success.	The downside often introduces the main disadvantage rather than claiming that everything about the choice is bad.	What do we lose with this choice?	Identify a disadvantage of choosing the quickest available solution.
11	/ˌɒpəˈtjuːnəti kɒst/	ஒரு தேர்வால் இழக்கும் மாற்று வாய்ப்பின் பயன்	noun	the opportunity cost of + noun/-ing	a high opportunity cost; consider opportunity cost	The opportunity cost of studying every evening is less time with my family.	So the comparison should include the work we will no longer have time for.	The opportunity cost is only the money we pay.	The opportunity cost includes the benefit of the alternative we give up.	A direct cost is what you spend; opportunity cost is the value of the next-best alternative forgone.	Do not add every rejected option together: opportunity cost concerns the best realistic alternative you forgo.	The best road not taken.	Explain what a team gives up when it assigns its only specialist to a new project.
12	/ˌkɒst ɪˈfektɪv/	செலவுக்கு ஏற்ற பயனளிக்கும்	adjective	be cost-effective to + verb	a cost-effective solution; cost-effective training	A monthly travel pass is cost-effective if I commute every day.	Let us compare the total cost with the benefit, not just the price today.	This is the most cost-effectively option.	This is the most cost-effective option.	Cheap means low-priced; cost-effective means worthwhile relative to the result achieved.	A more expensive choice can still be cost-effective if it produces sufficiently better results or lower ongoing costs.	Value from the spend, not the smallest bill.	Explain why paying for training could save more money than choosing the cheapest option.
13	/prəˈpɔːʃənət/	அளவிற்கு ஏற்ற; மிகையாக இல்லாத	adjective	proportionate to + noun	a proportionate response; proportionate measures	A small mistake needs a proportionate response, not a public reprimand.	A brief additional check seems more reasonable than stopping all work.	The response should be proportionate with the risk.	The response should be proportionate to the risk.	Proportionate concerns a suitable relationship of scale; equal means the same amount or size.	A proportionate response can still be strong when the risk is serious; the word does not simply mean mild.	Match the response to the size of the problem.	Suggest a reasonable response to one incorrect figure in an otherwise sound report.
14	/ˈdʒʌstɪfaɪəbəl/	நியாயமான காரணம் காட்டக்கூடிய	adjective	justifiable on + grounds	a justifiable delay; justifiable concern	The extra fare is justifiable if it lets us avoid an overnight wait.	Then we should explain the risk clearly when asking for more time.	The delay is justifiable because I just prefer it.	The delay is justifiable because a required safety check is incomplete.	Justifiable means defensible with reasons; justified usually presents that defence as already established.	Calling a cost justifiable invites evaluation of the reasons; it does not make the choice automatically acceptable to everyone.	Can you defend the choice with reasons?	Give a concrete reason why a team might reasonably extend a deadline.
15	/ˈpræɡmətɪk/	நடைமுறைக்கு ஏற்ற தீர்வை நாடும்	adjective	a pragmatic approach to + noun	a pragmatic solution; take a pragmatic approach	We took a pragmatic approach and borrowed chairs instead of buying new ones.	A simpler process that people actually follow may be the best option.	We need a pragmatical solution.	We need a pragmatic solution.	Pragmatic emphasises what works under real constraints; ideal describes the best imaginable arrangement.	Pragmatic does not have to mean unprincipled: a practical compromise can still respect essential standards.	What will work with the people and time we have?	Recommend a practical compromise for a small team with a limited budget.
16	/ˈtentətɪv/	இன்னும் உறுதியாகாத	adjective	a tentative agreement on + noun	a tentative date; a tentative conclusion	We have made tentative plans to visit next month.	We can plan around it for now, but we should not announce it as final.	We have a tentatively agreement.	We have a tentative agreement.	Tentative signals uncertainty or possible change; final signals that a decision is settled.	Tentative can describe both arrangements and judgments: a tentative conclusion reflects limited confidence, not a provisional booking.	Light pencil, not permanent ink.	Offer a possible meeting date while making clear that confirmation is still needed.
17	/prəˈvɪʒənəl/	இடைக்காலமாக நிர்ணயிக்கப்பட்ட	adjective	provisional until + clause	a provisional booking; provisional approval	The school has issued a provisional timetable for next term.	Understood; we will wait for confirmation before booking travel.	These are provisionally dates.	These are provisional dates.	Provisional means adopted temporarily pending confirmation; tentative can simply mean uncertain or hesitant.	A provisional arrangement may already be in use even though it is subject to replacement or final approval.	Use it for now; confirm it later.	Explain why a published timetable might still be subject to change.
18	/kənˈkluːsɪv/	தீர்மானமான முடிவைத் தரும்	adjective	conclusive evidence that + clause	conclusive proof; a conclusive result	The photograph was not conclusive evidence of who had moved the car.	Then we should avoid claiming that the question has been settled.	The evidence is very concludent.	The evidence is conclusive.	Convincing evidence persuades; conclusive evidence is strong enough to settle the question in context.	Conclusive is a strong claim. A promising small trial is not automatically conclusive about a wider population.	Enough evidence to close the question.	Explain why one successful trial may not settle a question about long-term performance.
19	/ˌɪnkənˈkluːsɪv/	தெளிவான முடிவு தராத	adjective	inconclusive about + noun	inconclusive evidence; an inconclusive test	The inspection was inconclusive about the source of the damp.	We should gather more responses rather than treat the trial as a failure.	An inconclusive test proves the idea is wrong.	An inconclusive test does not establish whether the idea works.	Inconclusive means no definite answer; negative means evidence against a particular result or claim.	An inconclusive result can still contain useful observations; it limits the conclusion rather than making all the work worthless.	The question is still open.	Tell a colleague what can and cannot be concluded from a very small survey.
20	/ˈkredəbəl/	நம்பத்தகுந்த	adjective	a credible explanation for + noun	a credible source; a credible account	Her account of the journey is credible because the tickets support it.	We should provide an explanation that can be checked against the records.	This source is credulous.	This source is credible.	Credible means believable; credulous describes someone too ready to believe things.	A credible account deserves consideration, but credibility alone is not proof that every detail is correct.	Believable enough to take seriously.	Explain what would make a supplier's account of a delay worthy of trust.
21	/ˈplɔːzəbəl/	நடந்திருக்கக்கூடியதாகத் தோன்றும்	adjective	a plausible explanation for + noun	a plausible scenario; a plausible excuse	A wrong address is a plausible explanation for the missing parcel.	Agreed; let us ask the courier before treating that as the cause.	It is plausible because we have proved it.	It is plausible, but we have not proved it.	Plausible means apparently possible or reasonable; verified means checked and established.	A plausible explanation can later prove false. The word describes initial reasonableness, not confirmed truth.	Could be true; check it.	Suggest one possible explanation for an unanswered email without presenting it as fact.
22	/saʊnd ˈriːzənɪŋ/	சரியான ஆதாரமுள்ள சிந்தனை முறை	noun phrase	sound reasoning behind + noun	based on sound reasoning; demonstrate sound reasoning	Choosing a later train because the connection is unreliable shows sound reasoning.	Can you show how the evidence leads to the recommendation?	The idea is popular, so it must be sound reasoning.	Popularity alone does not establish sound reasoning.	Sound reasoning describes a well-supported thought process; a popular opinion may have little support.	In everyday use, sound reasoning is broader than the technical logical definition of a sound argument; do not confuse persuasion with validity.	Reasons that support the steps between facts and choice.	Explain a decision by connecting two relevant facts to your conclusion.
23	/flɔːd ˈriːzənɪŋ/	தர்க்கப் பிழையுள்ள சிந்தனை	noun phrase	flawed reasoning behind + noun	expose flawed reasoning; based on flawed reasoning	Assuming a hotel is quiet because its website looks calm is flawed reasoning.	We should check whether the complaint represents a wider pattern.	The conclusion is unpopular, so the reasoning is flawed.	To identify flawed reasoning, show the error in the argument.	Flawed reasoning concerns the logic or support; disagreement alone does not demonstrate a flaw.	A conclusion can happen to be true even when reached through flawed reasoning; assess the route to it as well as the result.	A broken step in the argument.	Explain the error in treating one successful customer visit as proof of universal satisfaction.
24	/ruːl əv θʌm/	தோராயமான நடைமுறை வழிகாட்டி	noun phrase	as a rule of thumb, + clause	a useful rule of thumb; follow a rule of thumb	As a rule of thumb, I leave extra time when travelling through a large station.	That gives us a starting estimate, but this review may be more complex.	The rule of thumb is an exact guarantee.	The rule of thumb is an approximate guide.	A rule of thumb is a practical shortcut; a formal rule states a requirement.	A rule of thumb needs exceptions when circumstances change; usefulness does not imply mathematical precision.	A thumb-sized estimate, not a ruler measurement.	Give an approximate planning guide and name one situation where it would not apply.
25	/weɪ ʌp/	ஒப்பிட்டு நன்மை தீமைகளை ஆராய்தல்	phrasal verb	weigh up + options/costs/risks	weigh up the options; weigh up the pros and cons	I need to weigh up the convenience of driving against the cost of parking.	Let us compare both the likely benefit and the possible loss.	We need to weigh up about the options.	We need to weigh up the options.	Weigh up means evaluate comparatively; list means merely name the options.	Weigh up is especially common in British English; weigh the options is also natural and widely understood.	Imagine two sides of a balance scale.	Compare two ways of travelling to work and explain the consideration that matters most.
26	/ruːl aʊt/	ஒரு வாய்ப்பை நிராகரித்தல்	phrasal verb	rule out + noun/-ing	rule out a possibility; rule out a delay	The forecast does not rule out rain later in the day.	Then we should keep a backup date available.	We ruled out to postpone the event.	We ruled out postponing the event.	Rule out removes an option from consideration; postpone keeps it possible for later.	Cannot rule out means something remains possible, not that it is likely or certain.	Cross an option off the list.	Explain why you cannot exclude a further delay without predicting that it will happen.
27	/ˈfæktər ɪn/	கணக்கில் சேர்த்துக்கொள்ளுதல்	phrasal verb	factor in + cost/time/risk	factor in travel time; factor in extra costs	We must factor in parking costs when comparing the two venues.	Good point; the work is not finished when the software is installed.	We forgot to factor in it.	We forgot to factor it in.	Factor in actively includes something in a calculation; notice only means becoming aware of it.	Factor in is separable: factor the cost in and factor in the cost work, but a pronoun goes between the verb and particle.	Add the overlooked piece to the calculation.	Name two costs that someone might forget when planning an in-person event.
28	/teɪk ˌɪntu əˈkaʊnt/	கருத்தில் கொள்ளுதல்	verb phrase	take + noun + into account	take costs into account; take circumstances into account	Please take my travel time into account when arranging the appointment.	I will revise the estimate to include the days when the office is closed.	We must take into account of the holidays.	We must take the holidays into account.	Take into account means consider a factor; agree with means accept a view as correct.	Both take the cost into account and take into account the cost are natural; longer noun phrases often come after the expression.	Give the fact a place in the decision.	Explain how a colleague's time zone should affect a meeting plan.
29	/ɒn ˈbæləns/	மொத்த நன்மை தீமைகளைப் பார்த்தால்	adverbial phrase	on balance, + judgment	on balance preferable; on balance beneficial	On balance, I would choose the quieter flat despite the longer commute.	That seems sensible after comparing the risks and benefits.	In balance, the smaller option is better.	On balance, the smaller option is better.	On balance reports an overall judgment; in balance describes a state of equilibrium.	On balance often signals a qualified preference rather than a claim that one option has no disadvantages.	An overall verdict after weighing both sides.	Choose between a cheaper and a more reliable supplier while acknowledging a disadvantage.
30	/ɪn ˈprɪnsəpəl/	அடிப்படையில்; விவரங்கள் முடிவாகுமுன்	adverbial phrase	agree/support + in principle	agree in principle; acceptable in principle	I agree in principle to sharing the car, but we need a schedule.	Let us settle the practical details before confirming the commitment.	We agree in principal.	We agree in principle.	In principle accepts the general idea; in practice concerns how it actually works.	Approval in principle is not unconditional final approval: cost, timing or other details may still prevent agreement.	YES to the idea; details still open.	Support a proposed change while naming one condition that still needs discussion.
31	/ɪn ˈpræktɪs/	உண்மையான நடைமுறையில்	adverbial phrase	in theory ..., but in practice ...	work in practice; difficult in practice	The bus connection looks easy on paper but is unreliable in practice.	Could we test it with a real request before adopting it?	The system works on practice.	The system works in practice.	In practice means in actual use; for practice means to develop a skill.	In practice can contrast with an intention, rule or theory without implying that the original idea was unreasonable.	Move from the diagram to the real day.	Describe a household arrangement that sounds simple but is hard to follow.
32	/ɔːl θɪŋz kənˈsɪdəd/	எல்லா அம்சங்களையும் கருத்தில் கொண்டால்	adverbial phrase	all things considered, + judgment	all things considered successful; all things considered reasonable	All things considered, the trip was enjoyable despite the rain.	The extra space seems to outweigh the inconvenience of moving.	All thing considered, it went well.	All things considered, it went well.	All things considered signals a broad overall judgment; considering the cost highlights one particular factor.	The expression is a summary device, not evidence that literally every conceivable factor has been examined.	Zoom out before giving your verdict.	Evaluate a difficult week by balancing what went wrong with what you achieved.
33	/fə ðə seɪk əv ˈɑːɡjəmənt/	விவாதிப்பதற்காக மட்டும் ஏற்றுக்கொண்டு	fixed phrase	for the sake of argument, let us assume ...	accept for the sake of argument; assume for the sake of argument	For the sake of argument, suppose we could leave a day earlier.	Then the next question is whether the venue is available.	I accept it for the sake of argument, so I agree it is true.	I accept it for the sake of argument without claiming it is true.	This phrase grants a temporary hypothetical premise; an admission accepts something as true.	Use it to explore consequences fairly, not to disguise a factual claim that still lacks evidence.	Borrow a premise; do not buy it.	Temporarily assume that funding doubles and explore one consequence without predicting that it will happen.
34	/ət feɪs ˈvæljuː/	மேலோட்டமாகக் கூறியபடியே	adverbial phrase	take/accept + noun + at face value	take a claim at face value; accept an offer at face value	I would not take the advert's promise at face value without reading the conditions.	Let us ask what the estimate includes and what it excludes.	We took the claim on face value.	We took the claim at face value.	At face value accepts the surface meaning; after verification accepts it following a check.	Taking words at face value is not always foolish; the expression highlights the absence of deeper examination rather than proving deception.	Read the label before looking inside.	Explain why an unusually cheap offer deserves a closer look.
35	/həʊld truː/	சரியாக அல்லது பொருந்துவதாகத் தொடருதல்	verb phrase	hold true for + situation	the same holds true; generally hold true	The advice may hold true for short journeys but not for overnight travel.	We should check the team's circumstances before applying it unchanged.	That rule holds true to every team.	That rule holds true for every team.	Hold true means remain valid; come true means become reality, usually of a hope or prediction.	The same holds true extends an earlier claim to another case; the comparison still needs a relevant basis.	Does the idea stay true in this new case?	Explain when advice for a large company might not apply to a small team.
36	/stænd tə ˈriːzən/	தர்க்கப்படி இயல்பாகத் தோன்றுதல்	verb phrase	it stands to reason that + clause	stands to reason that; would stand to reason	It stands to reason that a direct train should need fewer changes.	Yes, but let us calculate the effect rather than guess the new date.	It stands to reason of the work will take longer.	It stands to reason that the work will take longer.	Stands to reason presents something as logical; evidence shows what has actually been observed.	An intuitive conclusion can still be wrong if an important factor is missing; the phrase is not a substitute for checking.	A conclusion that seems to follow naturally.	State a logical expectation about reduced staffing, then name something you would verify.
37	/beər ɪn maɪnd/	மனதில் நினைவில் வைத்துக்கொள்ளுதல்	verb phrase	bear in mind that + clause	bear this in mind; bear in mind the cost	Bear in mind that the museum closes earlier on Sundays.	Then we should not describe them as a full-year trend.	Bare in mind the deadline.	Bear in mind the deadline.	Bear in mind asks someone to remember a relevant factor; memorise asks them to learn information by heart.	Bear in mind can gently qualify a claim, but repeated use may sound instructional or patronising in a sensitive discussion.	Keep the important fact in your mental margin.	Add a tactful reminder about a limitation in a colleague's estimate.
38	/teɪk ˈpresɪdəns/	முன்னுரிமை பெறுதல்	verb phrase	take precedence over + noun	safety takes precedence; take precedence over convenience	A medical appointment will take precedence over my usual shopping trip.	Understood; we will reschedule the routine checks.	Safety takes precedence than convenience.	Safety takes precedence over convenience.	Take precedence establishes priority; happen first describes time order without necessarily implying importance.	Precedence is about which consideration wins when demands compete; it need not mean that the other task is unimportant.	Which item goes to the front when priorities collide?	Explain which task should come first when an urgent request interrupts routine work.
39	/meɪk ə keɪs fə/	ஆதரவான காரணங்களை முன்வைத்தல்	verb phrase	make a case for + noun/-ing	make a strong case; make a case for change	The shorter journey makes a case for choosing the smaller hotel.	Yes; more time would let us include customers who use the service only monthly.	We need to make a case for extend it.	We need to make a case for extending it.	Make a case for gives supporting reasons; make a decision actually chooses an action.	A strong case can still be outweighed by competing considerations; presenting it does not guarantee approval.	Build the supporting argument.	Present two reasons for extending a trial without claiming that approval is certain.
40	/riːtʃ ə ˈvɜːdɪkt/	ஆராய்ந்த பின் முடிவுக்கு வருதல்	verb phrase	reach a verdict on + noun	reach a final verdict; unable to reach a verdict	After comparing the samples, we reached a verdict on which curtains to buy.	We will wait for their judgment before signing the agreement.	The panel reached to a verdict.	The panel reached a verdict.	Reach a verdict gives a considered judgment; receive a verdict means hear someone else's judgment.	Verdict has a legal sense but also a figurative evaluation sense; ordinary scheduling decisions usually sound more natural with decision.	Hear the evidence, then judge.	Report that a review panel has decided between two proposals.
41	/ˈwɜːkɪŋ əˈsʌmpʃən/	வேலை முன்னேற தற்காலிகமாக ஏற்கும் கருத்து	noun phrase	work on the assumption that + clause	a working assumption; revise a working assumption	Our working assumption is that the train will run, but we have a backup route.	We should revise that if the support workload increases.	A working assumption is a confirmed fact.	A working assumption is a provisional basis for planning.	A working assumption supports action while uncertainty remains; a confirmed fact has been checked.	A useful working assumption should be explicit and revisable, especially when people may mistake it for a commitment.	A temporary foundation you are ready to adjust.	State a provisional staffing assumption and what evidence would make you revise it.
42	/ˌbɜːdən əv ˈpruːf/	கூற்றை ஆதாரத்தால் நிரூபிக்கும் பொறுப்பு	noun phrase	the burden of proof rests with + person	the burden of proof; meet the burden of proof	The burden of proof is on the advertiser making the savings claim.	They should show the comparison, not ask us to disprove it.	The burden of proof rests to the claimant.	The burden of proof rests with the claimant.	Burden of proof concerns who must support a claim; strength of evidence concerns how convincing that support is.	In ordinary discussion the phrase is figurative; legal standards vary, so do not treat this usage example as a statement of law.	Who must bring the evidence?	Explain why the person proposing a savings claim should supply supporting figures.
43	/ˌmɑːdʒɪn əv ˈerə/	மதிப்பீட்டில் இருக்கக்கூடிய பிழை வரம்பு	noun phrase	a margin of error of + amount	a wide margin of error; within the margin of error	My rough travel estimate has a large margin of error during rush hour.	Then let us present a range rather than a single precise number.	The margin of error proves every estimate is wrong.	The margin of error expresses uncertainty around an estimate.	Margin of error concerns uncertainty; a mistake is an actual error in calculation or action.	In statistical reporting the phrase has a technical meaning; everyday planning uses it more loosely for possible estimation error.	A range around the estimate.	Explain why a rough forecast should not be presented as an exact promise.
44	/ˌpruːf əv ˈkɒnsept/	ஒரு யோசனை செயல்படும் என்பதைச் சிறு அளவில் காட்டுதல்	noun phrase	a proof of concept for + noun	a successful proof of concept; develop a proof of concept	A small community event was a proof of concept for the annual festival.	We still need to test whether it can handle normal demand.	The proof of concept is ready, so the full service is proven reliable.	The proof of concept shows the idea can work, not that the full service is ready.	A proof of concept tests basic possibility; a finished product is ready for its intended use.	Success at small scale does not establish cost, reliability or usability at full scale; these need separate checks.	Can the idea work at all?	Explain to a stakeholder what a successful small demonstration has not yet proved.
45	/dɪˌmɪnɪʃɪŋ rɪˈtɜːnz/	கூடுதல் முயற்சிக்கு குறைந்து வரும் பயன்	noun phrase	diminishing returns from + noun/-ing	reach diminishing returns; experience diminishing returns	After an hour of polishing the same paragraph, I was getting diminishing returns.	Perhaps our time would now be better spent testing it with a reader.	We are getting diminish returns from extra polishing.	We are getting diminishing returns from extra polishing.	Diminishing returns means smaller additional gains; losses mean an overall negative result.	The existing result may still improve while the benefit of each additional hour becomes smaller.	More effort, less extra benefit.	Decide when a team should stop refining a report and move on to another priority.
46	/fɔːls ɪˈkɒnəmi/	சிறு சேமிப்பால் பின்னர் அதிக செலவு ஏற்படும் நிலை	noun phrase	it is a false economy to + verb	a false economy; prove a false economy	Buying shoes that fall apart quickly can be a false economy.	Then the saving today could create a larger bill later.	The cheaper option is always a false economy.	The cheaper option is a false economy if it causes greater costs later.	A false economy is a misleading saving; a genuine economy reduces cost without a larger offsetting loss.	The phrase judges total consequences over time, not the purchase price alone; inexpensive choices can still be sensible.	Save a coin now, lose a note later.	Describe a small saving that might lead to a larger repair bill.
47	/ðə ˌbɪɡə ˈpɪktʃə/	ஒட்டுமொத்த நிலைமை	idiom	look at/see + the bigger picture	see the bigger picture; lose sight of the bigger picture	Looking at the bigger picture, the longer commute may be worth the lower rent.	The immediate saving might damage the service we depend on.	We should look the bigger picture.	We should look at the bigger picture.	The bigger picture means the wider situation; a detailed picture focuses on individual parts.	Invoking the bigger picture should connect details to broader goals, not dismiss a concrete problem without examining it.	Zoom out from one tile to the whole mosaic.	Explain how a staffing decision could affect more than the current month's budget.
48	/ˌʃɔːt ˈsaɪtɪd/	எதிர்கால விளைவுகளைப் பார்க்காத	adjective	short-sighted to + verb	a short-sighted decision; short-sighted policy	It would be short-sighted to cancel maintenance just to save this month's fees.	We might save today and pay much more for replacements later.	It is short-sighted for ignore future costs.	It is short-sighted to ignore future costs.	Short-sighted criticises neglected future consequences; short-term simply describes a limited time period.	This figurative use is evaluative and can sound critical; explain the future consequence rather than just labelling a person.	Looking only as far as today's saving.	Criticise a decision tactfully by explaining the future cost it overlooks.
49	/ˌfɑː ˈriːtʃɪŋ/	பரவலான நீண்டகால தாக்கமுள்ள	adjective	far-reaching consequences for + noun	far-reaching changes; far-reaching implications	A new railway could have far-reaching effects on the town.	We should consult the affected teams before committing.	The change has far-reached consequences.	The change has far-reaching consequences.	Far-reaching describes the breadth or extent of effects; immediate describes when effects begin.	Far-reaching does not automatically mean harmful: consequences may be beneficial, damaging or mixed.	One decision, many distant effects.	Describe how changing a company's working-hours policy could affect several groups.
50	/ə miːnz tə ən end/	இலக்கை அடைய உதவும் வழி	idiom	see + noun + as a means to an end	only a means to an end; regard as a means to an end	For me, the evening course is a means to an end: qualifying for a new role.	Then we should include only the detail needed to make that decision.	The report is a mean to an end.	The report is a means to an end.	A means is the method; the end is the desired goal, not the final page or last moment.	Means has the same singular and plural form in this use: a means and several means are both possible.	The ladder is useful because of where it leads.	Explain why a report should serve a decision rather than become an activity pursued for its own sake.
51	/ˈrəʊdmæp/	எதிர்காலப் பணிகளின் கட்டத் திட்டம்	noun	a roadmap for + noun/-ing	a clear roadmap; update the roadmap	The council published a roadmap for improving local transport.	Does it show the main stages as well as the priorities?	The roadmap guarantees every exact date.	The roadmap shows planned direction and stages; dates may change.	A roadmap shows direction and milestones; a detailed schedule assigns specific dates and tasks.	A roadmap can contain dates, but its level of commitment should be stated rather than assumed.	A route to the goal, not a promise about every minute.	Describe three broad stages in a plan to improve customer support.
52	/ˈmaɪlstəʊn/	முக்கிய முன்னேற்றக் கட்டம்	noun	reach a milestone in + noun	a major milestone; the next milestone	Moving into our own flat was an important milestone for us.	Then we can use that point to decide whether to expand.	We have reached to a milestone.	We have reached a milestone.	A milestone marks an important stage; a deadline is the latest time something must be done.	Not every completed task is a milestone; use the word for a meaningful checkpoint or achievement.	A marker showing how far the journey has progressed.	Choose one meaningful checkpoint in learning a new skill and explain its importance.
53	/dɪˈlɪvərəbəl/	ஒப்பந்தப்படி வழங்கவேண்டிய குறிப்பிட்ட பணிப் பயன்	noun	a deliverable for + project/client	a key deliverable; agree the deliverables	The designer's final deliverable is a set of print-ready invitations.	Let us agree what that report must contain before work starts.	Our deliverable is to work hard.	Our deliverable is a completed report with recommendations.	A deliverable is a defined output; an activity is work done to produce it.	A deliverable can be a document, service or other agreed result, but it should be concrete enough to check for completion.	What exactly will be handed over?	Turn a vague task such as 'research the options' into a clearly defined output.
54	/dɪˈpendənsi/	மற்றொரு பணியைச் சார்ந்திருக்கும் தேவை	noun	a dependency on + noun	a key dependency; resolve a dependency	Our moving date has a dependency on the new flat being ready.	We should name the approver and check when the decision is expected.	We have a dependency of finance approval.	We have a dependency on finance approval.	A dependency links one task to another; a risk is an uncertain event that could affect the plan.	A known dependency may create a risk if its timing is uncertain, but the two concepts are not interchangeable.	Task B waits for task A.	Explain why one task cannot start until another team has finished its work.
55	/ˌpriːˈrekwɪzɪt/	முன்னதாக நிறைவேற வேண்டிய நிபந்தனை	noun	a prerequisite for + noun/-ing	an essential prerequisite; meet a prerequisite	A valid ticket is a prerequisite for entering the concert.	Then we must obtain consent before sharing anything.	Consent is a prerequisite for share the information.	Consent is a prerequisite for sharing the information.	A prerequisite is required beforehand; a preference is something desired but not essential.	Do not label a helpful extra a prerequisite unless progress genuinely depends on it.	A gate that must open first.	Name something that must be completed before a new colleague can take responsibility for a task.
56	/kənˈtɪndʒənsi/	எதிர்பாராத நிகழ்வுக்கான சாத்தியம்	noun	prepare for a contingency	plan for contingencies; a possible contingency	We kept a spare set of clothes for a contingency such as a sudden spill.	How much reserve would let us respond without cancelling the work?	We prepared for every contingencies.	We prepared for several contingencies.	A contingency is a possible event; a contingency plan is the response prepared for it.	The word can also describe a reserve allowance, as in a budget contingency; this lesson focuses on the possible event.	What might happen that would require a different response?	Identify one possible disruption and the preparation it would justify.
57	/ˈfɔːlbæk/	முதல் தேர்வு தோல்வியுற்றால் பயன்படுத்தும் மாற்று	noun	a fallback if + clause	a reliable fallback; a fallback option	The bus is our fallback if the car will not start.	Let us check that the hall is available before relying on it.	The hall is our fall back option.	The hall is our fallback option.	Fallback is the alternative; fall back on is the verb phrase for using that alternative.	A fallback need not be as good as the preferred option, but it must be usable if needed.	Plan B within reach.	Offer a practical alternative in case a meeting room becomes unavailable.
58	/ˈwɜːkəraʊnd/	மூலப் பிரச்சினையைச் சரிசெய்யாமல் சமாளிக்கும் தற்காலிக வழி	noun	a workaround for + problem	a temporary workaround; find a workaround	Using the side entrance is a workaround while the main door is repaired.	That will let people submit requests while we fix the form.	The workaround has permanently fixed the underlying fault.	The workaround avoids the fault while the underlying problem remains.	A workaround gets around a problem; a permanent fix removes its cause.	A workaround should be reviewed if it creates extra work or new risks; temporary does not automatically mean harmless.	A detour while the road is repaired.	Explain a temporary way to keep work moving while a broken process is being repaired.
59	/ˈbɒtəlnek/	மொத்த செயல்முறையையும் தாமதப்படுத்தும் குறுகிய கட்டம்	noun	a bottleneck in + process	a major bottleneck; remove a bottleneck	The narrow entrance becomes a bottleneck when everyone leaves together.	Could another trained person handle some approvals?	Every difficult task is a bottleneck.	A bottleneck is a point that limits the flow of the wider process.	A bottleneck restricts throughput; a backlog is the accumulated work waiting to be done.	Making other steps faster may not improve overall progress if the bottleneck remains unchanged.	Many requests through one narrow opening.	Identify which step is slowing a process when several tasks are waiting for the same approval.
60	/ˈbændwɪdθ/	வேலைக்கு கிடைக்கும் நேரமும் மன ஆற்றலும்	noun	have the bandwidth to + verb	limited bandwidth; enough bandwidth	I do not have the bandwidth to organise another family event this month.	Thanks for being clear; let us decide what can be reassigned.	I do not have a bandwidth for another task.	I do not have the bandwidth for another task.	This figurative bandwidth means capacity for work; the technical sense concerns data transmission.	The metaphor is common in workplace talk but can sound like jargon; 'time and capacity' is a clearer alternative for some audiences.	How much more can you realistically handle?	Decline an extra task politely and explain what would need to change before you could accept it.
61	/ˈhedruːm/	கூடுதல் தேவைக்கான மீதித் திறன் அல்லது இடம்	noun	headroom for + noun/-ing	extra headroom; financial headroom	The lower rent gives us some headroom for unexpected bills.	Good; we have capacity beyond the bare minimum.	We have many headrooms in the budget.	We have some headroom in the budget.	Headroom is spare capacity; a buffer is a reserve deliberately placed to absorb variation.	Headroom is usually uncountable in this figurative sense and can refer to money, staffing or operating capacity.	Space above the current load.	Explain why a budget with no spare capacity is vulnerable to small unexpected costs.
62	/ˈbʌfə/	எதிர்பாராத சிக்கலைத் தாங்கும் கூடுதல் காப்பு	noun	a buffer against + problem	a time buffer; build in a buffer	I leave a twenty-minute buffer before the last train connection.	That should absorb a small delay without changing the final date.	The buffer means delays cannot happen.	The buffer gives us room to absorb some delays.	A buffer cushions the effect of a problem; prevention aims to stop the problem occurring.	A buffer is finite; using it up leaves less protection for later uncertainty.	A cushion between a delay and its consequences.	Suggest a reasonable amount of spare time for a journey with an important appointment.
63	/ˈliːd taɪm/	கோரிக்கை முதல் கிடைக்கும் வரை தேவைப்படும் காலம்	noun	a lead time of + duration	short lead time; reduce lead time	Custom-made curtains usually have a longer lead time than ready-made ones.	Then we need to place the order well before the event.	The lead time is in three weeks long.	The lead time is three weeks.	Lead time covers the wait from a defined request to availability; working time may count only active work.	State the start and end points, since different teams may measure lead time differently.	Order now; receive later.	Explain when an order must be placed if delivery takes several weeks.
64	/ˈtɜːnəraʊnd taɪm/	கோரிக்கையை முடித்து வழங்கும் காலம்	noun	turnaround time for + task	a quick turnaround time; improve turnaround time	The repair shop quoted a turnaround time of two working days.	Does that include the time spent waiting for a reviewer?	Our turnaround time are two days.	Our turnaround time is two days.	Turnaround time emphasises completion after work is received; a deadline states when completion is required.	Clarify whether the stated turnaround includes weekends, waiting time and revisions rather than assuming shared definitions.	Received, handled, returned.	Ask whether a quoted review time includes the weekend and a second draft.
65	/ˈtaɪm freɪm/	நிறைவேற்ற எதிர்பார்க்கப்படும் கால வரம்பு	noun	a time frame for + task	a realistic time frame; within the time frame	We need a realistic time frame for finding a new flat.	About two weeks, provided the current owner is available for questions.	We need a time frame until completing the work.	We need a time frame for completing the work.	A time frame is a period; a date is one calendar point within or at the end of that period.	A time frame may be broad or precise; ask for start and end dates if coordination depends on them.	The window in which the work should happen.	Request a realistic period for completing a handover rather than demanding an unsupported exact date.
66	/skəʊp kriːp/	ஒப்புக்கொண்ட பணியின் அளவு மெதுவாக அதிகரித்தல்	noun phrase	scope creep in + project	prevent scope creep; uncontrolled scope creep	Adding extra rooms to a simple painting job can create scope creep.	We need to agree whether to remove other work or increase the budget.	Any approved change is scope creep.	Scope creep is gradual expansion without adequate control or adjustment.	An agreed scope change is deliberate and managed; scope creep often accumulates without matching time or resources.	Useful additions can still cause scope creep; the issue is how changes are evaluated and accommodated.	The small extra that grows into another project.	Respond to a request for extra reports by discussing the effect on time and resources.
67	/rɪˈzɔːs ˌæləˈkeɪʃən/	மக்கள், நேரம், பணத்தைப் பணிகளுக்கு ஒதுக்குதல்	noun phrase	resource allocation across + teams/tasks	effective resource allocation; review resource allocation	Resource allocation at the charity depends on where help is most urgently needed.	Which work would lose support if we accepted the new request?	Resource allocation means hiring more people only.	Resource allocation includes assigning existing people, time and money.	Allocation distributes available resources; acquisition obtains additional resources.	Resource allocation can expose competing priorities even when the total budget stays unchanged.	Who gets which share of the available capacity?	Explain how two urgent projects could share a team with limited availability.
68	/ˌkrɪtɪkəl ˈpɑːθ/	முடியும் தேதியை நிர்ணயிக்கும் சார்ந்த பணிகளின் தொடர்	noun phrase	on the critical path	identify the critical path; a critical-path task	For the school play, finishing the stage is on the critical path before rehearsals can begin there.	Then we should prioritise that booking rather than unrelated details.	Every important task is on the critical path.	A task is on the critical path when its timing determines the project's completion date.	Critical path concerns scheduling dependencies; high priority concerns importance and may include unrelated work.	The critical path can change as task durations and dependencies change; do not assume the original sequence remains decisive.	The chain with no time to spare.	Explain why a delayed prerequisite can move the whole completion date even when other work finishes early.
69	/ˌlɒŋ tɜːm ˈvɪʒən/	பல ஆண்டுகளுக்கான தெளிவான எதிர்கால நோக்கு	noun phrase	a long-term vision for + organisation/place	a shared long-term vision; develop a long-term vision	The town's long-term vision includes safer streets and more public spaces.	How does this year's plan move us toward that goal?	Our long-term vision is next Tuesday's meeting.	Our long-term vision describes what we want to achieve over several years.	A vision describes the desired future; a plan specifies how to move toward it.	A long-term vision can remain stable while individual plans change in response to evidence.	The distant destination that guides today's route.	Describe a desired future for a service and one near-term action that supports it.
70	/ˌʃɔːt tɜːm ˈɡeɪn/	உடனடியாகக் கிடைக்கும் பயன்	noun phrase	a short-term gain from + noun/-ing	a small short-term gain; pursue short-term gains	Skipping a repair gives a short-term gain but may leave a bigger bill later.	We should compare that saving with the likely cost of errors.	A short-term gain is always a bad decision.	A short-term gain needs to be weighed against its longer-term effects.	Short-term gain describes when the benefit appears; false economy specifically criticises a saving that produces greater costs.	A short-term gain can be sensible, especially in an urgent situation, if later consequences are understood.	A benefit now; check what follows.	Compare an immediate saving with a possible longer-term disadvantage.
71	/əˈlaɪn ɒn/	ஒரே புரிதல் அல்லது ஒப்புதலுக்கு வருதல்	verb phrase	align on + priorities/approach	align on priorities; align on the approach	The volunteers need to align on the purpose of the event before planning activities.	Agreed; otherwise we may each be working toward a different result.	Let us align the priorities on together.	Let us align on the priorities.	Align on concerns shared agreement about a subject; align with concerns consistency with a person, goal or standard.	Align on is workplace language and can be vague; name exactly what is being agreed and what remains open.	Point in the same direction before setting off.	Ask two teams to agree on the main outcome before discussing detailed tasks.
72	/mæp aʊt/	விவரமாகத் திட்டமிடுதல்	phrasal verb	map out + plan/process/route	map out the steps; map out a route	We should map out our route before we lose mobile reception.	Let us identify each step and who is responsible for it.	We mapped out it yesterday.	We mapped it out yesterday.	Map out arranges the stages in detail; brainstorm generates possibilities before choosing a structure.	Map out is separable; pronouns normally go between map and out.	Turn scattered steps into a route.	Describe the sequence from receiving a customer request to confirming that it has been resolved.
73	/feɪz ɪn/	படிப்படியாக அறிமுகப்படுத்துதல்	phrasal verb	phase in + change + over a period	phase in new rules; gradually phase in	The school will phase in the new uniform over two years.	That gives staff time to adjust without changing everything at once.	We will phase in it next month.	We will phase it in next month.	Phase in introduces gradually; phase out removes gradually.	Phasing in can involve time periods, groups of users or parts of a process; state the sequence so gradual does not mean undefined.	Turn the change on in stages.	Explain how a new working arrangement could begin with one team before expanding.
74	/feɪz aʊt/	படிப்படியாக நீக்குதல்	phrasal verb	phase out + product/process	phase out old equipment; gradually phase out	The shop plans to phase out single-use bags.	Will customers have an alternative before the forms disappear?	We will phase it away by December.	We will phase it out by December.	Phase out removes gradually; cancel can stop something immediately.	A phase-out usually needs a transition plan for people who still depend on the old arrangement.	Turn the old process off in stages.	Explain how to discontinue an old booking method without leaving users unable to book.
75	/skeɪl ʌp/	அளவு அல்லது திறனை அதிகரித்தல்	phrasal verb	scale up + activity/capacity	scale up production; scale up the service	The charity wants to scale up its meal-delivery service next winter.	We should check whether staffing and support can grow with demand.	We can scale up without any extra capacity.	To scale up, we need enough capacity for the larger operation.	Scale up increases size or capacity; improve can raise quality without making something larger.	A successful small trial does not automatically scale up smoothly; coordination and cost may change with size.	The same purpose at a larger size.	Name two things that must change when a small pilot grows to serve ten times as many people.
76	/skeɪl bæk/	பணியின் அளவைக் குறைத்தல்	phrasal verb	scale back + plans/spending	scale back the event; scale back expansion	We decided to scale back the party and invite only close friends.	Which activities can we reduce while preserving the main purpose?	We scaled back it after reviewing the cost.	We scaled it back after reviewing the cost.	Scale back reduces extent; abandon stops pursuing the activity altogether.	A scaled-back plan can still meet its main objective if optional parts are removed deliberately.	Make it smaller, not necessarily stop it.	Reduce the scope of an event while preserving its most important benefit.
77	/rəʊl aʊt/	பயன்பாட்டிற்காக அறிமுகப்படுத்துதல்	phrasal verb	roll out + service/process + to a group	roll out a programme; roll out nationwide	The library will roll out the new borrowing scheme next month.	That should let us learn from one office before expanding.	We will rollout the process tomorrow.	We will roll out the process tomorrow.	Roll out is a verb; rollout is a noun, as in the rollout begins tomorrow.	A rollout may be gradual or immediate; the expression alone does not specify which.	Move from preparation into real use.	Announce that a new procedure will first become available to a small group.
78	/ræmp ʌp/	செயல்பாட்டின் தீவிரத்தை அதிகரித்தல்	phrasal verb	ramp up + effort/activity	ramp up recruitment; ramp up production	The bakery will ramp up production before the festival.	We need more interviews this month if people are to be ready in time.	We ramped up it too quickly.	We ramped it up too quickly.	Ramp up emphasises increasing activity or intensity; start means begin from inactivity.	Ramp up can suggest an increase over a short period, but the actual rate should be stated if timing matters.	Turn the effort dial upward.	Explain why recruitment effort needs to increase before a predictable busy period.
79	/waɪnd daʊn/	செயல்பாட்டை மெதுவாகக் குறைத்து நிறுத்துதல்	phrasal verb	wind down + operation/activity	wind down operations; gradually wind down	The market stalls begin to wind down as evening approaches.	We should explain when support ends and where remaining users can go.	They will wind down it next month.	They will wind it down next month.	Wind down reduces activity toward a stop; slow down may reduce speed without ending the activity.	Wind down also means relax, but this entry covers ending an operation; the pronunciation begins like wine, not wind as moving air.	Lower the activity gradually until it stops.	Describe a careful plan for ending a service that some customers still use.
80	/ˈpensəl ɪn/	மாறக்கூடிய தற்காலிக ஏற்பாடாகக் குறித்தல்	phrasal verb	pencil in + event + for a date	pencil in a meeting; pencil someone in	Can you pencil me in for a haircut on Friday?	Thursday should work, but I need to check one other commitment.	We pencilled in it for Tuesday.	We pencilled it in for Tuesday.	Pencil in makes a tentative booking; confirm makes the arrangement definite.	Do not treat a pencilled-in date as a firm commitment when other people need to book travel or spend money.	Pencil can be erased.	Suggest a possible meeting time while clearly leaving it open to confirmation.
81	/fɜːm ʌp/	ஏற்பாட்டை உறுதியாக்குதல்	phrasal verb	firm up + dates/plans/details	firm up the schedule; firm up an agreement	We can firm up the holiday plans when the school dates are published.	I will collect the replies and confirm the final dates tomorrow.	Let us firm the plans.	Let us firm up the plans.	Firm up makes an existing outline more definite; create starts something that did not exist.	Firming up plans may still leave some details open; specify what has actually been confirmed.	Turn the sketch into an agreed arrangement.	Explain which information is needed before a tentative plan can become definite.
82	/brɪŋ ˈfɔːwəd/	முன்னதாக உள்ள நேரத்திற்கு மாற்றுதல்	phrasal verb	bring forward + event + to a date	bring forward a meeting; bring a deadline forward	Could we bring forward the appointment to Wednesday?	Yes, provided everyone has the material in time to prepare.	We brought the meeting forward from Tuesday to Friday of the same week.	We brought the meeting forward from Friday to Tuesday of the same week.	Bring forward means earlier, whereas push back usually means later in scheduling.	Because date-moving language can be misunderstood across speakers, include the new calendar date explicitly.	Pull the event toward today.	Tell a colleague that a meeting has moved earlier and give both the old and new dates.
83	/pʊʃ bæk/	நிகழ்வை பின்னைய தேதிக்கு மாற்றுதல்	phrasal verb	push back + event + by a duration	push back the launch; push a deadline back	We had to push back dinner by an hour because the train was delayed.	Let us give customers the revised date and the reason.	We pushed back the launch in one week.	We pushed back the launch by one week.	Push back a date means postpone it; push back on a proposal means resist or question it.	State both the new date and the amount of delay when possible; backward and forward metaphors can cause confusion.	Move the event later on the calendar.	Announce a one-week delay clearly without using the disagreement sense of push back.
84	/set ɪn ˈməʊʃən/	தொடர்ந்து நடைபெறும் செயல்முறையைத் தொடங்குதல்	verb phrase	set + process + in motion	set plans in motion; set a process in motion	The signed agreement will set in motion the house purchase.	Then we should prepare the role description before approval arrives.	The decision set in motion of the process.	The decision set the process in motion.	Set in motion starts a developing process; complete describes reaching its end.	The expression often highlights a trigger whose consequences continue after the initial action.	Give the first push that starts the sequence.	Explain what event will trigger the next stages of a hiring process.
85	/leɪ ðə ˈɡraʊndwɜːk/	பின்னர் நடைபெறும் பணிக்கு அடித்தளம் அமைத்தல்	idiom	lay the groundwork for + noun/-ing	lay essential groundwork; lay the groundwork for change	The early conversations helped lay the groundwork for a community group.	We can use what we learn to design better questions for the study.	We need to lay the groundwork to a new service.	We need to lay the groundwork for a new service.	Lay the groundwork prepares a foundation; launch begins delivering the actual activity or service.	Groundwork may be research, relationships or practical preparation, not necessarily physical construction.	Prepare the foundation before building.	Name two preparatory actions that would make a larger project more likely to succeed.
86	/peɪv ðə weɪ/	பின்னர் நடப்பதை எளிதாக்கும் வழியை உருவாக்குதல்	idiom	pave the way for + noun/-ing	pave the way for reform; pave the way for an agreement	The new bus route could pave the way for more visitors to the village.	But we should still evaluate the full proposal separately.	The pilot paved the way of expansion.	The pilot paved the way for expansion.	Pave the way makes a later development possible or easier; guarantee promises that it will happen.	The phrase describes an enabling condition, not a sufficient cause by itself.	Clear a road that others may then use.	Explain how a small success could make a wider partnership possible without guaranteeing it.
87	/set ðə dɪˈrekʃən/	எதிர்கால நடவடிக்கையின் போக்கை நிர்ணயித்தல்	verb phrase	set the direction for + team/work	set a clear direction; set the strategic direction	Residents' feedback will help set the direction for the park improvements.	Then our detailed plans should support those priorities.	The manager set a direction to the team.	The manager set the direction for the team.	Set the direction establishes where effort should go; manage the details decides how individual tasks are done.	Direction can be clear without prescribing every action; teams may still need discretion in implementation.	Choose the destination before the detailed route.	Explain the difference between setting a team's priorities and controlling every task.
88	/kiːp ˈɒpʃənz ˈəʊpən/	பல தேர்வுகளையும் தொடர்ந்தும் வைத்திருத்தல்	idiom	keep + possessive + options open	keep our options open; keep all options open	We prefer to keep options open rather than book a hotel before the dates are confirmed.	That makes sense until we know which dates are available.	We want to keep open our option.	We want to keep our options open.	Keep options open preserves choice; put off a decision merely delays choosing and may allow options to disappear.	Keeping options open can have a cost, such as missing a discount; flexibility is not automatically the best choice.	Do not close the doors before you need to choose.	Explain why you would wait for two estimates before making a commitment.
89	/bɪld ɪn/	திட்டத்தின் ஒரு பகுதியாக முன்பே சேர்த்தல்	phrasal verb	build + feature/time + into a plan	build in flexibility; build in review time	We should build in rest stops when planning the drive.	That will be easier than asking for extra time after the first draft.	We built in it at the start.	We built it in at the start.	Build in includes something by design; add on introduces it as an extra, often later.	Build in and build into are both natural: build in a buffer or build a buffer into the schedule.	Make space for it before work starts.	Explain why review time should be part of the original schedule.
90	/set ə ˈpresɪdənt/	பின்னைய முடிவுகளுக்கு முன்னுதாரணம் ஏற்படுத்துதல்	verb phrase	set a precedent for + noun/-ing	set a useful precedent; set an unwelcome precedent	Allowing late entries may set a precedent for future competitions.	Then we should explain clearly why this case is exceptional.	The exception sets a president.	The exception sets a precedent.	A precedent is an earlier example guiding later decisions; a president is a person holding an office.	A precedent can influence expectations without being a binding rule; legal precedents are a separate specialist context.	Today's exception becomes tomorrow's example.	Explain why approving one exception may affect what others expect later.
91	/ɪn ðə ˈpaɪplaɪn/	திட்டமிடப்பட்டு அல்லது உருவாக்கப்பட்டு கொண்டிருக்கும்	idiom	have + plans/projects + in the pipeline	projects in the pipeline; several changes in the pipeline	The museum has two new exhibitions in the pipeline.	Do we have likely dates, or are they still early proposals?	The courses are in pipeline.	The courses are in the pipeline.	In the pipeline suggests development or planning; available means people can already use it.	The phrase does not tell you how far advanced something is, so ask for a stage or date when it matters.	Something is moving toward availability.	Tell a colleague about a planned improvement without implying that it is already available.
92	/ɒn ðə həˈraɪzən/	விரைவில் வரக்கூடியதாகத் தோன்றும்	idiom	be on the horizon	changes on the horizon; trouble on the horizon	With exams on the horizon, the library is getting busier.	Let us watch the early signs before changing staffing levels.	A change is at the horizon.	A change is on the horizon.	On the horizon suggests an approaching possibility; in the pipeline suggests active planning or development.	On the horizon does not specify an exact date or guarantee that the predicted development will occur.	Something beginning to appear in the distance.	Describe a possible change a team should prepare for while acknowledging uncertainty.
93	/ət ðɪs steɪdʒ/	இந்தச் செயல்முறையின் தற்போதைய கட்டத்தில்	adverbial phrase	at this stage of + process	too early at this stage; necessary at this stage	At this stage of the move, we only need to choose a neighbourhood.	I will give you a range and list the main assumptions.	In this stage, we need an estimate.	At this stage, we need an estimate.	At this stage refers to a point in a process; at this age refers to how old someone is.	The phrase limits a claim to the current phase and leaves room for a different requirement later.	What is appropriate for this point in the journey?	Explain what information is useful early in a project and what can wait.
94	/ɪn djuː kɔːs/	உரிய நேரத்தில் பின்னர்	adverbial phrase	will + verb + in due course	reply in due course; announce in due course	The school will send the room allocations in due course.	Could you give us an approximate date so that we can plan?	We will reply in due course tomorrow at ten.	We will reply tomorrow at ten.	In due course leaves timing unspecified; by Friday gives a clear deadline.	This formal expression can sound evasive when the reader needs a date; give a concrete time whenever you can.	Later at the proper time, but no date promised.	Rewrite a vague promise with a specific date when the recipient needs to make arrangements.
95	/ˌfɜːðə daʊn ðə laɪn/	செயல்முறையின் பின்னைய கட்டத்தில்	idiom	further down the line, + clause	problems further down the line; revisit further down the line	We may want a larger flat further down the line.	For now, let us solve the immediate coverage problem.	We can discuss it further under the line.	We can discuss it further down the line.	Further down the line means later in a process; down the road can have a similar figurative meaning.	The expression is conversational and vague; a formal commitment should specify when the later review will happen.	A later station on the same route.	Separate an immediate decision from a question that can reasonably be revisited later.
96	/ʌp frʌnt/	தொடக்கத்திலேயே வெளிப்படையாக	adverbial phrase	be clear/open + up front	state limitations up front; explain costs up front	Please tell me up front if the repair may take more than a week.	Certainly; I will explain the limits before you decide.	We should be upfrontly about the limits.	We should explain the limits up front.	Up front here means openly at the outset; paid up front refers specifically to advance payment.	Up front is usually two words as an adverb; upfront is commonly used as an adjective, as in upfront costs.	Put the important facts on the table at the start.	Tell a customer about one limitation before they commit to a service.
97	/frəm skrætʃ/	முந்தைய பணியை அடிப்படையாகக் கொள்ளாமல் புதிதாக	idiom	start/build/design + from scratch	start from scratch; build from scratch	We made the soup from scratch instead of using a ready-made mix.	Good; we can adapt the material that already works.	We started from the scratch.	We started from scratch.	From scratch means from the beginning; from memory means without consulting a source.	Starting from scratch does not necessarily mean ignoring all prior knowledge; it means not using a ready-made base or existing version.	A blank page rather than an existing draft.	Explain when adapting an existing guide would be better than writing a new one from the beginning.
98	/ə ˈstɑːtɪŋ pɔɪnt/	மேலும் வளர்த்துக்கொள்ளும் தொடக்க அடிப்படை	noun phrase	a starting point for + noun/-ing	a useful starting point; a good starting point	The list of local schools is a starting point for our research.	We can use it to identify what still needs discussion.	This is a starting point for discuss the details.	This is a starting point for discussing the details.	A starting point begins exploration; a final position states what someone has settled on.	Calling a draft a starting point invites development, but it should still be clear enough to guide a useful discussion.	Enough structure to begin, not enough to finish.	Present a draft as material for discussion while identifying one decision still open.
99	/ə ˈstepɪŋ stəʊn/	பெரிய இலக்கை அடைய உதவும் இடைநிலை வாய்ப்பு	noun phrase	a stepping stone to + noun/-ing	a useful stepping stone; a stepping stone to a career	Volunteering can be a stepping stone to paid work in the same field.	It would let me build experience before taking on a larger responsibility.	The role is a stepping stone for become a manager.	The role is a stepping stone to becoming a manager.	A stepping stone enables progress toward a later goal; a milestone marks a stage already reached.	The phrase can sound dismissive if it implies that the current role has no value beyond leaving it; acknowledge its present contribution too.	One solid step helps you reach the next.	Describe how a small assignment could prepare you for a larger responsibility.
100	/ə bʌmp ɪn ðə rəʊd/	முன்னேற்றத்தின் போது ஏற்படும் தற்காலிகத் தடங்கல்	idiom	a bump in the road to + goal	a minor bump in the road; another bump in the road	A rejected application was a bump in the road, not the end of her plans.	Then let us agree on a revised delivery date and keep moving.	The lost contract is just a bump in the road, even if it closes the business.	Use bump in the road for a recoverable setback, not to dismiss a potentially decisive loss.	A bump in the road suggests a temporary setback; a dead end suggests that no further progress is possible along that route.	The expression is reassuring but can minimise another person's concern; explain the recovery plan rather than merely calling the problem small.	The road continues after the bump.	Reassure a colleague about a manageable delay while acknowledging its effect and naming the recovery action.
